consumidor,consumo_mensal_kwh,demanda_maxima_kw,consumo_noturno_pct
UC001,761.8,10.74,64.16
UC002,245.99,2.9,17.82
UC003,521.91,7.5,42.4
UC004,218.13,3.58,9.64
UC005,1028.53,11.63,39.11
UC006,467.4,7.17,75.0
UC007,453.99,6.71,68.82
UC008,243.99,2.79,17.73
UC009,1181.46,11.09,41.69
UC010,521.92,5.61,28.52
UC011,505.72,7.31,73.54
UC012,500.72,5.56,7.08
UC013,396.27,5.88,21.62
UC014,406.46,5.54,24.19
UC015,788.29,11.79,47.84
UC016,491.68,6.06,69.71
UC017,508.57,7.39,72.63
UC018,215.18,3.16,9.88
UC019,422.59,5.51,73.21
UC020,238.14,3.21,29.61
UC021,928.14,12.77,67.66
UC022,804.13,11.18,61.53
UC023,443.74,7.58,16.25
UC024,414.75,7.56,84.07
UC025,448.01,5.6,19.27
UC026,497.84,7.15,13.68
UC027,245.63,3.5,19.41
UC028,872.35,11.45,44.15
UC029,275.47,3.04,24.43
UC030,568.4,6.28,28.88
UC031,471.62,7.04,62.72
UC032,455.04,5.43,15.24
UC033,574.47,6.53,63.43
UC034,213.57,3.21,22.88
UC035,576.85,6.51,71.17
UC036,245.2,3.31,16.44
UC037,493.39,5.67,19.09
UC038,197.32,3.11,14.3
UC039,950.74,14.57,36.12
UC040,179.35,2.6,14.02
UC041,897.92,13.43,48.91
UC042,216.64,2.66,22.92
UC043,525.42,4.96,71.66
UC044,480.13,6.13,82.23
UC045,941.82,12.71,35.24
UC046,443.62,5.55,65.85
UC047,179.39,3.23,16.82
UC048,886.15,12.34,32.63
UC049,1088.92,11.48,42.41
UC050,726.74,12.3,35.44
UC051,429.11,5.77,76.5
UC052,487.85,6.1,14.75
UC053,411.17,6.61,20.44
UC054,499.25,6.1,21.71
UC055,906.09,11.66,42.99
UC056,221.62,2.74,21.08
UC057,237.7,3.81,25.01
UC058,449.4,6.11,29.46
UC059,1010.25,13.15,57.04
UC060,468.3,6.4,70.86
